gfx,cu_num,token,model_dim,inter_dim,expert,topk,act_type,dtype,q_dtype_a,q_dtype_w,q_type,use_g1u1,doweight_stage1,block_m,ksplit,us1,kernelName1,err1,us2,kernelName2,err2,us,run_1stage,xbf16,flat,tflops,bw
gfx950,256,1,6144,768,129,5,ActivationType.Swiglu,torch.bfloat16,torch.float8_e4m3fn,torch.float8_e4m3fn,QuantType.per_1x32,1,0,16,0,15.0440,flydsl_moe1_afp8_wfp8_bf16_t16x64x256_w2_gui_kw4_fp8,0.02%,8.3976,flydsl_moe2_layout_afp8_wfp8_bf16_t16x128x256_atomic_nt_sbm16,0.00%,23.4416,0,0,0,6.04,77900.47
gfx950,256,2,6144,768,129,5,ActivationType.Swiglu,torch.bfloat16,torch.float8_e4m3fn,torch.float8_e4m3fn,QuantType.per_1x32,1,0,16,0,20.2445,flydsl_moe1_afp8_wfp8_bf16_t16x64x256_w4_gui_kw4_fp8,0.02%,15.8246,flydsl_moe2_layout_afp8_wfp8_bf16_t16x128x256_atomic_nt_sbm16,0.00%,36.0691,0,0,0,7.85,50628.70
gfx950,256,4,6144,768,129,5,ActivationType.Swiglu,torch.bfloat16,torch.float8_e4m3fn,torch.float8_e4m3fn,QuantType.per_1x32,1,0,16,0,32.3383,flydsl_moe1_afp8_wfp8_bf16_t16x64x256_w2_gui_kw4_fp8,0.03%,22.5419,flydsl_moe2_layout_afp8_wfp8_bf16_t16x256x256_atomic_nt_sbm16,0.00%,54.8802,0,0,0,10.32,33275.54
gfx950,256,8,6144,768,129,5,ActivationType.Swiglu,torch.bfloat16,torch.float8_e4m3fn,torch.float8_e4m3fn,QuantType.per_1x32,1,0,16,0,61.2469,flydsl_moe1_afp8_wfp8_bf16_t16x64x256_w3_gui_kw4_fp8,0.02%,37.1189,flydsl_moe2_layout_afp8_wfp8_bf16_t16x128x256_atomic_nt_sbm16_f32lds,0.00%,98.3658,0,0,0,11.51,18565.83
gfx950,256,16,6144,768,129,5,ActivationType.Swiglu,torch.bfloat16,torch.float8_e4m3fn,torch.float8_e4m3fn,QuantType.per_1x32,1,0,16,0,119.5806,flydsl_moe1_afp8_wfp8_bf16_t16x64x256_w3_gui_kw4_fp8,0.03%,64.6619,flydsl_moe2_layout_afp8_wfp8_bf16_t16x128x256_atomic_nt_sbm16,0.00%,184.2425,0,0,0,12.29,9912.97
gfx950,256,32,6144,768,129,5,ActivationType.Swiglu,torch.bfloat16,torch.float8_e4m3fn,torch.float8_e4m3fn,QuantType.per_1x32,1,0,16,0,191.3174,flydsl_moe1_afp8_wfp8_bf16_t16x64x256_w3_gui_kw4_fp8,0.03%,99.9459,flydsl_moe2_layout_afp8_wfp8_bf16_t16x128x256_atomic_nt_sbm16_f32lds,0.00%,291.2633,0,0,0,15.55,6271.59
gfx950,256,64,6144,768,129,5,ActivationType.Swiglu,torch.bfloat16,torch.float8_e4m3fn,torch.float8_e4m3fn,QuantType.per_1x32,1,0,16,0,191.8415,flydsl_moe1_afp8_wfp8_bf16_t16x64x256_w3_gui_kw4_fp8,0.03%,102.1453,flydsl_moe2_layout_afp8_wfp8_bf16_t16x128x256_atomic_nt_sbm16,0.00%,293.9868,0,0,0,30.82,6215.50
gfx950,256,128,6144,768,129,5,ActivationType.Swiglu,torch.bfloat16,torch.float8_e4m3fn,torch.float8_e4m3fn,QuantType.per_1x32,1,0,32,0,194.1156,flydsl_moe1_afp8_wfp8_bf16_t32x64x256_w4_gui_kw2_fp8,0.0%,105.1905,flydsl_moe2_layout_afp8_wfp8_bf16_t32x128x256_atomic_nt_sbm32,0.0%,299.3061,0,0,0,60.54,6108.98
gfx950,256,256,6144,768,129,5,ActivationType.Swiglu,torch.bfloat16,torch.float8_e4m3fn,torch.float8_e4m3fn,QuantType.per_1x32,1,0,32,0,194.7306,flydsl_moe1_afp8_wfp8_bf16_t32x64x256_w4_gui_kw2_fp8,0.0%,109.0034,flydsl_moe2_layout_afp8_wfp8_bf16_t32x128x256_atomic_nt_sbm32,0.0%,303.734,0,0,0,119.31,6027.69
gfx950,256,512,6144,768,129,5,ActivationType.Swiglu,torch.bfloat16,torch.float8_e4m3fn,torch.float8_e4m3fn,QuantType.per_1x32,1,0,32,0,198.3264,flydsl_moe1_afp8_wfp8_bf16_t32x64x256_w3_gui_kw2_fp8,0.0%,113.7183,flydsl_moe2_layout_afp8_wfp8_bf16_t32x128x256_atomic_nt_sbm32,0.0%,312.0447,0,0,0,232.27,5882.27
gfx950,256,1024,6144,768,129,5,ActivationType.Swiglu,torch.bfloat16,torch.float8_e4m3fn,torch.float8_e4m3fn,QuantType.per_1x32,1,0,64,0,210.2935,flydsl_moe1_afp8_wfp8_bf16_t64x128x256_w2_gui_fp8,0.0%,132.3815,flydsl_moe2_layout_afp8_wfp8_bf16_t64x128x128_atomic_nt_sbm64,0.0%,342.675,0,0,0,423.01,5384.02
gfx950,256,2048,6144,768,129,5,ActivationType.Swiglu,torch.bfloat16,torch.float8_e4m3fn,torch.float8_e4m3fn,QuantType.per_1x32,1,0,128,0,255.6701,flydsl_moe1_afp8_wfp8_bf16_t128x128x256_w3_gui_fp8,0.0%,188.5086,flydsl_moe2_layout_afp8_wfp8_bf16_t128x128x128_atomic_nt_sbm128,0.0%,444.1787,0,0,0,652.69,4196.16
gfx950,256,4096,6144,768,129,5,ActivationType.Swiglu,torch.bfloat16,torch.float8_e4m3fn,torch.float8_e4m3fn,QuantType.per_1x32,1,0,64,0,422.9246,flydsl_moe1_afp8_wfp8_bf16_t64x128x256_w3_bnt0_gui_fp8,0.0%,286.3751,flydsl_moe2_layout_afp8_wfp8_bf16_t64x128x128_atomic_sbm64,0.0%,709.2997,0,0,0,817.45,2680.94
gfx950,256,8192,6144,768,129,5,ActivationType.Swiglu,torch.bfloat16,torch.float8_e4m3fn,torch.float8_e4m3fn,QuantType.per_1x32,1,0,64,0,589.5816,flydsl_moe1_afp8_wfp8_bf16_t64x128x256_w3_bnt0_gui_fp8,0.0%,484.3284,flydsl_moe2_layout_afp8_wfp8_bf16_t64x128x128_atomic_sbm64,0.0%,1073.91,0,0,0,1079.83,1841.02
gfx950,256,16384,6144,768,129,5,ActivationType.Swiglu,torch.bfloat16,torch.float8_e4m3fn,torch.float8_e4m3fn,QuantType.per_1x32,1,0,128,0,980.1062,flydsl_moe1_afp8_wfp8_bf16_t128x128x256_w2_bnt0_gui_fp8,0.0%,936.5075,flydsl_moe2_layout_afp8_wfp8_bf16_t64x128x128_atomic_sbm128,0.0%,1916.6137,0,0,0,1210.09,1110.34
gfx950,256,32768,6144,768,129,5,ActivationType.Swiglu,torch.bfloat16,torch.float8_e4m3fn,torch.float8_e4m3fn,QuantType.per_1x32,1,0,128,0,1725.295,flydsl_moe1_afp8_wfp8_bf16_t128x256x256_w4_bnt0_gui_xcd4_fp8,0.0%,1826.8523,flydsl_moe2_layout_afp8_wfp8_bf16_t64x128x128_atomic_sbm128,0.0%,3552.1473,0,0,0,1305.85,684.11
gfx950,256,1,6144,384,129,5,ActivationType.Swiglu,torch.bfloat16,torch.float8_e4m3fn,torch.float8_e4m3fn,QuantType.per_1x32,1,0,16,0,14.0523,flydsl_moe1_afp8_wfp8_bf16_t16x64x256_bnt0_gui_kw4_fp8,0.02%,6.7358,flydsl_moe2_layout_afp8_wfp8_bf16_t16x128x128_atomic_nt_sbm16,0.00%,20.7881,0,0,0,3.40,43922.54
gfx950,256,2,6144,384,129,5,ActivationType.Swiglu,torch.bfloat16,torch.float8_e4m3fn,torch.float8_e4m3fn,QuantType.per_1x32,1,0,16,0,15.3880,flydsl_moe1_afp8_wfp8_bf16_t16x64x256_w4_bnt0_gui_kw4_fp8,0.02%,8.9002,flydsl_moe2_layout_afp8_wfp8_bf16_t16x128x128_atomic_nt_sbm16,0.00%,24.2882,0,0,0,5.83,37593.82
gfx950,256,4,6144,384,129,5,ActivationType.Swiglu,torch.bfloat16,torch.float8_e4m3fn,torch.float8_e4m3fn,QuantType.per_1x32,1,0,16,0,20.2845,flydsl_moe1_afp8_wfp8_bf16_t16x64x256_w3_gui_kw4_fp8,0.03%,15.6926,flydsl_moe2_layout_afp8_wfp8_bf16_t16x128x128_atomic_nt_sbm16,0.00%,35.9771,0,0,0,7.87,25380.65
gfx950,256,8,6144,384,129,5,ActivationType.Swiglu,torch.bfloat16,torch.float8_e4m3fn,torch.float8_e4m3fn,QuantType.per_1x32,1,0,16,0,33.6511,flydsl_moe1_afp8_wfp8_bf16_t16x64x256_w2_gui_kw4_fp8,0.03%,22.9341,flydsl_moe2_layout_afp8_wfp8_bf16_t16x256x128_atomic_nt_sbm16,0.00%,56.5851,0,0,0,10.01,16138.43
gfx950,256,16,6144,384,129,5,ActivationType.Swiglu,torch.bfloat16,torch.float8_e4m3fn,torch.float8_e4m3fn,QuantType.per_1x32,1,0,16,0,61.7724,flydsl_moe1_afp8_wfp8_bf16_t16x64x256_w2_gui_kw4_fp8,0.03%,36.6479,flydsl_moe2_layout_afp8_wfp8_bf16_t16x128x128_atomic_nt_sbm16_f32lds,0.00%,98.4203,0,0,0,11.51,9280.02
gfx950,256,32,6144,384,129,5,ActivationType.Swiglu,torch.bfloat16,torch.float8_e4m3fn,torch.float8_e4m3fn,QuantType.per_1x32,1,0,16,0,102.0707,flydsl_moe1_afp8_wfp8_bf16_t16x64x256_w3_gui_kw4_fp8,0.03%,54.6899,flydsl_moe2_layout_afp8_wfp8_bf16_t16x128x128_atomic_nt_sbm16_f32lds,0.00%,156.7605,0,0,0,14.45,5828.24
gfx950,256,64,6144,384,129,5,ActivationType.Swiglu,torch.bfloat16,torch.float8_e4m3fn,torch.float8_e4m3fn,QuantType.per_1x32,1,0,16,0,102.2043,flydsl_moe1_afp8_wfp8_bf16_t16x64x256_w3_gui_kw4_fp8,0.03%,55.9916,flydsl_moe2_layout_afp8_wfp8_bf16_t16x128x128_atomic_nt_sbm16_f32lds,0.00%,158.1960,0,0,0,28.63,5779.08
gfx950,256,128,6144,384,129,5,ActivationType.Swiglu,torch.bfloat16,torch.float8_e4m3fn,torch.float8_e4m3fn,QuantType.per_1x32,1,0,32,0,104.1227,flydsl_moe1_afp8_wfp8_bf16_t32x64x256_w2_gui_kw2_fp8,0.0%,59.4508,flydsl_moe2_layout_afp8_wfp8_bf16_t32x256x128_atomic_nt_sbm32,0.0%,163.5735,0,0,0,55.39,5596.3
gfx950,256,256,6144,384,129,5,ActivationType.Swiglu,torch.bfloat16,torch.float8_e4m3fn,torch.float8_e4m3fn,QuantType.per_1x32,1,0,32,0,104.3991,flydsl_moe1_afp8_wfp8_bf16_t32x64x256_w3_gui_kw2_fp8,0.0%,60.2958,flydsl_moe2_layout_afp8_wfp8_bf16_t32x128x128_atomic_nt_sbm32,0.0%,164.6949,0,0,0,110.02,5572.52
gfx950,256,512,6144,384,129,5,ActivationType.Swiglu,torch.bfloat16,torch.float8_e4m3fn,torch.float8_e4m3fn,QuantType.per_1x32,1,0,32,0,106.9398,flydsl_moe1_afp8_wfp8_bf16_t32x64x256_w4_gui_kw2_fp8,0.0%,65.0023,flydsl_moe2_layout_afp8_wfp8_bf16_t32x128x128_atomic_nt_sbm32,0.0%,171.9421,0,0,0,210.76,5365.09
gfx950,256,1024,6144,384,129,5,ActivationType.Swiglu,torch.bfloat16,torch.float8_e4m3fn,torch.float8_e4m3fn,QuantType.per_1x32,1,0,64,0,118.2582,flydsl_moe1_afp8_wfp8_bf16_t64x128x256_w2_gui_fp8,0.0%,76.9739,flydsl_moe2_layout_afp8_wfp8_bf16_t64x128x128_atomic_nt_sbm64,0.0%,195.2321,0,0,0,371.24,4773.41
gfx950,256,2048,6144,384,129,5,ActivationType.Swiglu,torch.bfloat16,torch.float8_e4m3fn,torch.float8_e4m3fn,QuantType.per_1x32,1,0,128,0,141.3501,flydsl_moe1_afp8_wfp8_bf16_t128x256x256_gui_fp8,0.0%,122.3555,flydsl_moe2_afp8_wfp8_bf16_t64x128x128_atomic_persist_sbm128,0.0%,263.7056,0,0,0,549.69,3605.52
gfx950,256,4096,6144,384,129,5,ActivationType.Swiglu,torch.bfloat16,torch.float8_e4m3fn,torch.float8_e4m3fn,QuantType.per_1x32,1,0,64,0,218.8674,flydsl_moe1_afp8_wfp8_bf16_t64x128x256_w4_bnt0_gui_xcd4_fp8,0.0%,201.0466,flydsl_moe2_afp8_wfp8_bf16_t64x128x128_reduce,0.0%,419.914,0,0,0,690.4,2354.16
gfx950,256,8192,6144,384,129,5,ActivationType.Swiglu,torch.bfloat16,torch.float8_e4m3fn,torch.float8_e4m3fn,QuantType.per_1x32,1,0,128,0,318.9796,flydsl_moe1_afp8_wfp8_bf16_t128x256x256_bnt0_gui_xcd4_fp8,0.0%,374.5186,flydsl_moe2_afp8_wfp8_bf16_t64x128x128_reduce_bnt2_persist_sbm128,0.0%,693.4982,0,0,0,836.08,1534.31
gfx950,256,16384,6144,384,129,5,ActivationType.Swiglu,torch.bfloat16,torch.float8_e4m3fn,torch.float8_e4m3fn,QuantType.per_1x32,1,0,128,0,507.7831,flydsl_moe1_afp8_wfp8_bf16_t128x256x256_w3_bnt0_gui_xcd4_fp8,0.0%,725.8633,flydsl_moe2_layout_afp8_wfp8_bf16_t64x128x128_reduce_sbm128,0.0%,1233.6464,0,0,0,940.01,984.92
gfx950,256,32768,6144,384,129,5,ActivationType.Swiglu,torch.bfloat16,torch.float8_e4m3fn,torch.float8_e4m3fn,QuantType.per_1x32,1,0,128,0,884.4995,flydsl_moe1_afp8_wfp8_bf16_t128x256x256_w2_bnt0_gui_xcd4_fp8,0.0%,1347.9108,flydsl_moe2_layout_afp8_wfp8_bf16_t64x128x128_reduce_sbm128,0.0%,2232.4103,0,0,0,1038.91,679.55
